"id","first_name","last_name","image"
1,"Fatou","Seye","2.jpg"
2,"Idrissa","MBAYE","1.jpg"
3,"SIRE","LY","3.jpg"
4,"FINTY","NDIAYE","4.jpg"
5,"AROUNA","NDIAYE","5.jpg"
6,"MALICK","BEYE","6.jpg"
7,"ISSA","DIOP","7.jpg"
8,"ISSA","DIOP","7.jpg"
9,"ISSA","DIOP","7.jpg"
10,"ISSA","DIOP","7.jpg"
11,"ISSA","DIOP","7.jpg"
12,"ISSA","DIOP","7.jpg"
13,"ISSA","DIOP","7.jpg"
14,"ISSA","DIOP","7.jpg"
15,"ISSA","DIOP","7.jpg"
16,"ISSA","DIOP","7.jpg"
17,"ISSA","DIOP","7.jpg"
18,"ISSA","DIOP","7.jpg"
19,"ISSA","DIOP","7.jpg"
20,"ISSA","DIOP","7.jpg"
21,"ISSA","DIOP","7.jpg"
22,"ISSA","DIOP","7.jpg"
23,"ISSA","DIOP","7.jpg"
24,"ISSA","DIOP","7.jpg"
25,"ISSA","DIOP","7.jpg"
